model,data,pos_score,struct_score
deeplink,edi3,0.4482855285196913,0.20428293369179845
