model,source,target,num_experiments,avg_acc,std_acc,avg_conf_score,std_conf_score,avg_time
final,age1,age4,10,0.021739130434782605,3.469446951953614e-18,1.8809121428874498e-06,2.117582368135751e-22,0.029104733467102052
