model,data,p_add,p_rm,dataset_size,best_val_acc,best_epoch,test_acc,training_time
share-gine2-sgm-beta0.1-tau1.0,bn1000,0.0,0.0,100,0.9623129547272501,9,0.9577471076492882,207.36456942558289
share-gine2-sgm-beta0.1-tau1.0,bn1000,0.05,0.0,100,0.4936671436086547,8,0.3142486124067681,646.6023621559143
share-gine2-sgm-beta0.1-tau1.0,bn1000,0.1,0.0,100,0.22068867258281563,6,0.160960520447281,600.3079912662506
share-gine2-sgm-beta0.1-tau1.0,bn1000,0.2,0.0,100,0,0,0.060247753715095116,476.46627163887024
share-gine2-sgm-beta0.1-tau1.0,bn1000,0.25,0.0,100,0,0,0.026677642428798786,459.4930839538574
share-gine2-sgm-beta0.1-tau1.0,bn1000,0.0,0.0,100,0.9665487620522119,2,0.9654327703526746,167.0698926448822
share-gine2-sgm-beta0.1-tau1.0,bn1000,0.0,0.05,100,0.624216731548781,19,0.47730229586234446,885.6985087394714
share-gine2-sgm-beta0.1-tau1.0,bn1000,0.0,0.1,100,0.3415055955964594,195,0.30120038030635615,4575.677173137665
